city_code,average_temperature
ATL,12.446492695214106
CDG,12.594279699248121
DXB,12.443357086302454
HND,12.56562363238512
JFK,12.620914135808697
LAX,12.61459494686184
LHR,12.516076722756411
ORD,12.448469552903095
PEK,12.52301166384209
SYD,12.536670933438362
